,AAPL,MSFT,NVDA,TSLA
AAPL,1.0,0.953090655120719,0.941754665217817,0.9547763497846655
MSFT,0.9530906551207191,1.0,0.9341888954326083,0.9345182048850165
NVDA,0.9417546652178169,0.9341888954326083,1.0,0.9298588593613384
TSLA,0.9547763497846655,0.9345182048850164,0.9298588593613384,1.0
